1539	-37.487	-37.668	-37.515	-37.347	-37.332	-37.34
1539.01	-37.462	-37.651	-37.557	-37.337	-37.336	-37.335
1539.02	-37.446	-37.624	-37.588	-37.329	-37.343	-37.333
1539.03	-37.42	-37.596	-37.616	-37.315	-37.35	-37.324
1539.04	-37.397	-37.563	-37.643	-37.305	-37.353	-37.319
1539.05	-37.385	-37.538	-37.655	-37.31	-37.358	-37.31
1539.06	-37.372	-37.515	-37.668	-37.316	-37.356	-37.303
1539.07	-37.361	-37.492	-37.673	-37.334	-37.358	-37.301
1539.08	-37.354	-37.47	-37.682	-37.353	-37.359	-37.293
1539.09	-37.347	-37.448	-37.676	-37.378	-37.358	-37.292
1539.1	-37.331	-37.425	-37.667	-37.407	-37.346	-37.294
1539.11	-37.323	-37.407	-37.653	-37.438	-37.332	-37.294
1539.12	-37.308	-37.379	-37.629	-37.48	-37.314	-37.291
1539.13	-37.299	-37.358	-37.601	-37.515	-37.296	-37.295
1539.14	-37.287	-37.337	-37.576	-37.541	-37.283	-37.292
1539.15	-37.279	-37.314	-37.544	-37.56	-37.266	-37.29
1539.16	-37.275	-37.3	-37.515	-37.579	-37.254	-37.291
1539.17	-37.274	-37.284	-37.484	-37.589	-37.248	-37.293
1539.18	-37.277	-37.264	-37.452	-37.595	-37.249	-37.287
1539.19	-37.282	-37.256	-37.424	-37.603	-37.263	-37.286
1539.2	-37.292	-37.247	-37.393	-37.607	-37.276	-37.281
1539.21	-37.304	-37.242	-37.366	-37.601	-37.306	-37.277
1539.22	-37.314	-37.238	-37.347	-37.596	-37.337	-37.267
1539.23	-37.311	-37.24	-37.329	-37.585	-37.362	-37.26
1539.24	-37.309	-37.247	-37.316	-37.569	-37.398	-37.246
1539.25	-37.295	-37.246	-37.301	-37.557	-37.438	-37.237
1539.26	-37.282	-37.252	-37.283	-37.53	-37.467	-37.227
1539.27	-37.263	-37.26	-37.267	-37.506	-37.505	-37.214
1539.28	-37.242	-37.259	-37.254	-37.485	-37.526	-37.204
1539.29	-37.219	-37.264	-37.239	-37.449	-37.541	-37.197
1539.3	-37.198	-37.267	-37.223	-37.41	-37.555	-37.195
1539.31	-37.192	-37.27	-37.211	-37.386	-37.562	-37.201
1539.32	-37.19	-37.267	-37.208	-37.362	-37.568	-37.215
1539.33	-37.196	-37.262	-37.2	-37.343	-37.566	-37.233
1539.34	-37.201	-37.248	-37.195	-37.32	-37.554	-37.264
1539.35	-37.225	-37.235	-37.195	-37.297	-37.548	-37.292
1539.36	-37.247	-37.214	-37.192	-37.278	-37.531	-37.324
1539.37	-37.285	-37.193	-37.196	-37.262	-37.506	-37.352
1539.38	-37.32	-37.177	-37.201	-37.241	-37.491	-37.382
1539.39	-37.366	-37.158	-37.208	-37.223	-37.461	-37.419
1539.4	-37.405	-37.15	-37.211	-37.208	-37.428	-37.451
1539.41	-37.433	-37.148	-37.215	-37.195	-37.404	-37.472
1539.42	-37.469	-37.146	-37.216	-37.18	-37.375	-37.486
1539.43	-37.501	-37.162	-37.212	-37.166	-37.337	-37.496
1539.44	-37.527	-37.181	-37.203	-37.154	-37.306	-37.499
1539.45	-37.544	-37.206	-37.193	-37.133	-37.279	-37.493
1539.46	-37.567	-37.244	-37.174	-37.128	-37.251	-37.486
1539.47	-37.58	-37.285	-37.161	-37.123	-37.229	-37.481
1539.48	-37.582	-37.329	-37.141	-37.125	-37.204	-37.462
1539.49	-37.584	-37.384	-37.127	-37.128	-37.186	-37.442
1539.5	-37.574	-37.418	-37.115	-37.133	-37.173	-37.422
1539.51	-37.557	-37.448	-37.097	-37.142	-37.157	-37.411
1539.52	-37.535	-37.482	-37.088	-37.147	-37.149	-37.387
1539.53	-37.506	-37.513	-37.083	-37.155	-37.133	-37.358
1539.54	-37.47	-37.522	-37.091	-37.157	-37.121	-37.329
1539.55	-37.435	-37.535	-37.099	-37.156	-37.109	-37.299
1539.56	-37.408	-37.534	-37.112	-37.148	-37.091	-37.268
1539.57	-37.362	-37.527	-37.141	-37.136	-37.073	-37.226
1539.58	-37.326	-37.518	-37.177	-37.124	-37.056	-37.197
1539.59	-37.302	-37.503	-37.21	-37.106	-37.05	-37.173
1539.6	-37.272	-37.481	-37.254	-37.086	-37.047	-37.147
1539.61	-37.24	-37.462	-37.303	-37.068	-37.051	-37.127
1539.62	-37.216	-37.438	-37.347	-37.048	-37.055	-37.11
1539.63	-37.192	-37.409	-37.379	-37.039	-37.064	-37.094
1539.64	-37.174	-37.383	-37.413	-37.029	-37.073	-37.085
1539.65	-37.147	-37.357	-37.441	-37.031	-37.082	-37.07
1539.66	-37.128	-37.312	-37.467	-37.03	-37.088	-37.057
1539.67	-37.097	-37.278	-37.48	-37.042	-37.091	-37.049
1539.68	-37.077	-37.242	-37.481	-37.053	-37.09	-37.038
1539.69	-37.064	-37.21	-37.479	-37.078	-37.081	-37.023
1539.7	-37.051	-37.178	-37.468	-37.108	-37.071	-37.014
1539.71	-37.044	-37.151	-37.447	-37.148	-37.057	-37.003
1539.72	-37.042	-37.123	-37.433	-37.179	-37.036	-36.998
1539.73	-37.044	-37.103	-37.412	-37.222	-37.014	-36.99
1539.74	-37.05	-37.085	-37.384	-37.266	-37.001	-36.99
1539.75	-37.059	-37.06	-37.353	-37.303	-36.98	-36.994
1539.76	-37.064	-37.041	-37.317	-37.346	-36.965	-37.002
1539.77	-37.073	-37.029	-37.286	-37.377	-36.963	-37.008
1539.78	-37.072	-37.015	-37.259	-37.397	-36.966	-37.017
1539.79	-37.066	-37.013	-37.229	-37.416	-36.975	-37.024
1539.8	-37.055	-37.009	-37.193	-37.426	-36.986	-37.027
1539.81	-37.043	-37.007	-37.168	-37.428	-37.015	-37.031
1539.82	-37.026	-37.008	-37.143	-37.429	-37.052	-37.025
1539.83	-37	-37.012	-37.102	-37.415	-37.08	-37.013
1539.84	-36.968	-37.017	-37.072	-37.391	-37.129	-36.999
1539.85	-36.946	-37.022	-37.042	-37.362	-37.172	-36.977
1539.86	-36.931	-37.023	-37.02	-37.335	-37.205	-36.957
1539.87	-36.919	-37.018	-36.998	-37.3	-37.238	-36.936
1539.88	-36.92	-37.01	-36.981	-37.273	-37.274	-36.917
1539.89	-36.924	-36.999	-36.968	-37.246	-37.3	-36.904
1539.9	-36.945	-36.989	-36.957	-37.216	-37.331	-36.9
1539.91	-36.971	-36.968	-36.954	-37.189	-37.356	-36.902
1539.92	-37.009	-36.948	-36.954	-37.161	-37.369	-36.915
1539.93	-37.062	-36.925	-36.96	-37.118	-37.373	-36.936
1539.94	-37.111	-36.9	-36.966	-37.09	-37.372	-36.97
1539.95	-37.148	-36.893	-36.966	-37.065	-37.363	-36.991
1539.96	-37.197	-36.886	-36.967	-37.033	-37.345	-37.023
1539.97	-37.242	-36.887	-36.972	-37.01	-37.322	-37.071
1539.98	-37.277	-36.898	-36.975	-36.987	-37.289	-37.108
1539.99	-37.317	-36.919	-36.967	-36.96	-37.263	-37.144
1540	-37.353	-36.952	-36.961	-36.944	-37.229	-37.187
1540.01	-37.376	-36.993	-36.95	-36.927	-37.193	-37.218
1540.02	-37.396	-37.047	-36.925	-36.908	-37.164	-37.249
1540.03	-37.401	-37.108	-36.91	-36.904	-37.132	-37.277
1540.04	-37.399	-37.145	-36.89	-36.9	-37.096	-37.289
1540.05	-37.387	-37.182	-36.864	-36.9	-37.066	-37.299
1540.06	-37.37	-37.232	-36.843	-36.899	-37.041	-37.305
1540.07	-37.354	-37.266	-36.832	-36.905	-37.005	-37.296
1540.08	-37.319	-37.295	-36.821	-36.913	-36.978	-37.286
1540.09	-37.288	-37.321	-36.824	-36.91	-36.955	-37.271
1540.1	-37.257	-37.34	-36.831	-36.914	-36.931	-37.254
1540.11	-37.21	-37.351	-36.855	-36.911	-36.902	-37.218
1540.12	-37.169	-37.349	-36.893	-36.902	-36.879	-37.191
1540.13	-37.142	-37.341	-36.918	-36.894	-36.862	-37.153
1540.14	-37.105	-37.33	-36.959	-36.878	-36.843	-37.117
1540.15	-37.062	-37.314	-37.015	-36.854	-36.829	-37.084
1540.16	-37.03	-37.288	-37.069	-36.831	-36.825	-37.047
1540.17	-37.001	-37.253	-37.113	-36.811	-36.822	-37.016
1540.18	-36.962	-37.225	-37.161	-36.788	-36.828	-36.989
1540.19	-36.933	-37.188	-37.205	-36.775	-36.835	-36.962
1540.2	-36.911	-37.14	-37.235	-36.762	-36.838	-36.927
1540.21	-36.885	-37.105	-37.264	-36.762	-36.847	-36.9
1540.22	-36.87	-37.071	-37.275	-36.768	-36.846	-36.877
1540.23	-36.865	-37.026	-37.281	-36.781	-36.842	-36.848
1540.24	-36.855	-36.985	-37.276	-36.802	-36.834	-36.82
1540.25	-36.849	-36.945	-37.262	-36.832	-36.82	-36.796
1540.26	-36.842	-36.9	-37.249	-36.867	-36.796	-36.771
1540.27	-36.84	-36.871	-37.227	-36.915	-36.777	-36.754
1540.28	-36.835	-36.845	-37.201	-36.955	-36.754	-36.739
1540.29	-36.827	-36.824	-37.172	-37.006	-36.719	-36.724
1540.3	-36.819	-36.813	-37.135	-37.058	-36.698	-36.72
1540.31	-36.804	-36.813	-37.104	-37.094	-36.685	-36.727
1540.32	-36.783	-36.811	-37.078	-37.134	-36.677	-36.734
1540.33	-36.753	-36.807	-37.038	-37.168	-36.675	-36.743
1540.34	-36.729	-36.808	-36.995	-37.194	-36.678	-36.75
1540.35	-36.701	-36.803	-36.963	-37.205	-36.695	-36.754
1540.36	-36.679	-36.799	-36.926	-37.211	-36.713	-36.756
1540.37	-36.665	-36.791	-36.884	-37.208	-36.748	-36.753
1540.38	-36.659	-36.775	-36.847	-37.194	-36.798	-36.74
1540.39	-36.667	-36.754	-36.81	-37.179	-36.846	-36.72
1540.4	-36.686	-36.736	-36.787	-37.156	-36.892	-36.707
1540.41	-36.718	-36.713	-36.764	-37.127	-36.94	-36.685
1540.42	-36.753	-36.682	-36.757	-37.097	-36.985	-36.662
1540.43	-36.803	-36.662	-36.747	-37.064	-37.025	-36.644
1540.44	-36.859	-36.642	-36.742	-37.029	-37.065	-36.629
1540.45	-36.907	-36.629	-36.744	-37.003	-37.098	-36.619
1540.46	-36.953	-36.626	-36.746	-36.965	-37.126	-36.615
1540.47	-37.017	-36.627	-36.748	-36.917	-37.147	-36.628
1540.48	-37.061	-36.642	-36.744	-36.881	-37.151	-36.647
1540.49	-37.086	-36.661	-36.731	-36.841	-37.151	-36.666
1540.5	-37.121	-36.689	-36.713	-36.795	-37.142	-36.694
1540.51	-37.142	-36.736	-36.692	-36.764	-37.119	-36.736
1540.52	-37.158	-36.779	-36.671	-36.73	-37.099	-36.77
1540.53	-37.162	-36.822	-36.645	-36.705	-37.074	-36.819
1540.54	-37.164	-36.88	-36.62	-36.69	-37.042	-36.869
1540.55	-37.156	-36.929	-36.589	-36.678	-36.999	-36.913
1540.56	-37.14	-36.988	-36.57	-36.669	-36.965	-36.962
1540.57	-37.121	-37.047	-36.561	-36.672	-36.923	-37.003
1540.58	-37.097	-37.079	-36.56	-36.677	-36.894	-37.029
1540.59	-37.065	-37.114	-36.57	-36.686	-36.87	-37.055
1540.6	-37.028	-37.134	-36.582	-36.689	-36.837	-37.071
1540.61	-36.996	-37.148	-36.608	-36.687	-36.797	-37.089
1540.62	-36.954	-37.147	-36.641	-36.685	-36.769	-37.088
1540.63	-36.915	-37.143	-36.686	-36.67	-36.736	-37.086
1540.64	-36.878	-37.126	-36.73	-36.652	-36.704	-37.069
1540.65	-36.834	-37.105	-36.786	-36.628	-36.676	-37.047
1540.66	-36.796	-37.069	-36.846	-36.587	-36.655	-37.016
1540.67	-36.772	-37.028	-36.891	-36.558	-36.638	-36.978
1540.68	-36.754	-36.992	-36.932	-36.538	-36.629	-36.948
1540.69	-36.742	-36.96	-36.979	-36.515	-36.623	-36.914
1540.7	-36.732	-36.911	-37.014	-36.51	-36.624	-36.872
1540.71	-36.723	-36.876	-37.043	-36.509	-36.626	-36.833
1540.72	-36.711	-36.847	-37.069	-36.52	-36.629	-36.803
1540.73	-36.689	-36.801	-37.078	-36.538	-36.627	-36.758
1540.74	-36.669	-36.759	-37.08	-36.563	-36.614	-36.726
1540.75	-36.626	-36.727	-37.065	-36.608	-36.599	-36.683
1540.76	-36.584	-36.693	-37.046	-36.647	-36.574	-36.641
1540.77	-36.561	-36.676	-37.027	-36.684	-36.548	-36.613
1540.78	-36.525	-36.661	-36.993	-36.734	-36.516	-36.58
1540.79	-36.489	-36.645	-36.956	-36.771	-36.487	-36.555
1540.8	-36.468	-36.633	-36.919	-36.819	-36.451	-36.542
1540.81	-36.449	-36.619	-36.869	-36.869	-36.433	-36.529
1540.82	-36.438	-36.601	-36.827	-36.905	-36.42	-36.53
1540.83	-36.441	-36.577	-36.79	-36.94	-36.415	-36.522
1540.84	-36.458	-36.556	-36.751	-36.968	-36.414	-36.526
1540.85	-36.493	-36.526	-36.717	-36.984	-36.438	-36.524
1540.86	-36.521	-36.5	-36.685	-36.997	-36.479	-36.522
1540.87	-36.557	-36.471	-36.662	-36.997	-36.508	-36.511
1540.88	-36.608	-36.445	-36.638	-36.987	-36.553	-36.505
1540.89	-36.659	-36.426	-36.623	-36.968	-36.611	-36.487
1540.9	-36.713	-36.411	-36.606	-36.948	-36.658	-36.464
1540.91	-36.766	-36.404	-36.595	-36.908	-36.702	-36.447
1540.92	-36.811	-36.407	-36.582	-36.871	-36.751	-36.414
1540.93	-36.848	-36.421	-36.563	-36.833	-36.8	-36.383
1540.94	-36.881	-36.442	-36.535	-36.783	-36.835	-36.363
1540.95	-36.905	-36.483	-36.505	-36.73	-36.871	-36.341
1540.96	-36.923	-36.533	-36.468	-36.688	-36.893	-36.333
1540.97	-36.926	-36.571	-36.439	-36.642	-36.903	-36.334
1540.98	-36.928	-36.622	-36.402	-36.603	-36.907	-36.346
1540.99	-36.914	-36.689	-36.376	-36.578	-36.907	-36.377
1541	-36.901	-36.731	-36.356	-36.552	-36.9	-36.405
1541.01	-36.871	-36.772	-36.331	-36.532	-36.886	-36.453
1541.02	-36.843	-36.814	-36.32	-36.522	-36.863	-36.51
1541.03	-36.819	-36.839	-36.311	-36.51	-36.832	-36.56
1541.04	-36.775	-36.86	-36.315	-36.494	-36.797	-36.616
1541.05	-36.736	-36.872	-36.332	-36.478	-36.744	-36.674
1541.06	-36.707	-36.87	-36.362	-36.458	-36.705	-36.718
1541.07	-36.671	-36.863	-36.401	-36.434	-36.669	-36.752
1541.08	-36.645	-36.846	-36.44	-36.411	-36.62	-36.782
1541.09	-36.631	-36.823	-36.489	-36.381	-36.583	-36.806
1541.1	-36.605	-36.801	-36.545	-36.358	-36.558	-36.826
1541.11	-36.581	-36.773	-36.601	-36.329	-36.522	-36.836
1541.12	-36.558	-36.745	-36.653	-36.307	-36.502	-36.839
1541.13	-36.527	-36.718	-36.709	-36.285	-36.488	-36.835
1541.14	-36.487	-36.683	-36.746	-36.268	-36.473	-36.821
1541.15	-36.437	-36.647	-36.785	-36.258	-36.458	-36.791
1541.16	-36.392	-36.616	-36.805	-36.261	-36.451	-36.762
1541.17	-36.351	-36.59	-36.816	-36.273	-36.431	-36.729
1541.18	-36.318	-36.566	-36.817	-36.294	-36.415	-36.682
1541.19	-36.291	-36.541	-36.811	-36.324	-36.398	-36.644
1541.2	-36.264	-36.514	-36.791	-36.368	-36.369	-36.603
1541.21	-36.25	-36.475	-36.767	-36.406	-36.339	-36.552
1541.22	-36.249	-36.44	-36.741	-36.459	-36.307	-36.517
1541.23	-36.255	-36.404	-36.708	-36.525	-36.279	-36.489
1541.24	-36.281	-36.358	-36.681	-36.569	-36.253	-36.451
1541.25	-36.321	-36.32	-36.654	-36.626	-36.22	-36.425
1541.26	-36.367	-36.291	-36.621	-36.684	-36.201	-36.404
1541.27	-36.409	-36.269	-36.598	-36.708	-36.196	-36.398
1541.28	-36.451	-36.246	-36.583	-36.739	-36.203	-36.391
1541.29	-36.509	-36.233	-36.555	-36.766	-36.214	-36.381
1541.3	-36.558	-36.226	-36.53	-36.775	-36.239	-36.374
1541.31	-36.596	-36.231	-36.511	-36.773	-36.27	-36.36
1541.32	-36.633	-36.245	-36.474	-36.763	-36.298	-36.342
1541.33	-36.662	-36.272	-36.448	-36.745	-36.343	-36.317
1541.34	-36.678	-36.305	-36.419	-36.717	-36.4	-36.29
1541.35	-36.69	-36.347	-36.367	-36.686	-36.451	-36.249
1541.36	-36.702	-36.394	-36.325	-36.649	-36.511	-36.213
1541.37	-36.705	-36.44	-36.288	-36.619	-36.562	-36.185
1541.38	-36.698	-36.49	-36.247	-36.588	-36.596	-36.159
1541.39	-36.69	-36.536	-36.221	-36.56	-36.632	-36.141
1541.4	-36.678	-36.579	-36.194	-36.531	-36.668	-36.131
1541.41	-36.662	-36.61	-36.174	-36.51	-36.689	-36.128
1541.42	-36.638	-36.633	-36.166	-36.485	-36.706	-36.141
1541.43	-36.617	-36.645	-36.165	-36.459	-36.709	-36.162
1541.44	-36.581	-36.653	-36.178	-36.429	-36.698	-36.198
1541.45	-36.54	-36.65	-36.203	-36.388	-36.679	-36.234
1541.46	-36.499	-36.641	-36.23	-36.357	-36.655	-36.279
1541.47	-36.444	-36.626	-36.26	-36.321	-36.622	-36.32
1541.48	-36.399	-36.611	-36.3	-36.264	-36.589	-36.355
1541.49	-36.345	-36.587	-36.339	-36.22	-36.553	-36.412
1541.5	-36.296	-36.562	-36.373	-36.19	-36.513	-36.46
1541.51	-36.257	-36.547	-36.426	-36.147	-36.481	-36.496
1541.52	-36.219	-36.527	-36.472	-36.115	-36.452	-36.536
1541.53	-36.191	-36.494	-36.5	-36.096	-36.427	-36.572
1541.54	-36.16	-36.458	-36.542	-36.079	-36.398	-36.598
1541.55	-36.144	-36.417	-36.562	-36.076	-36.375	-36.611
1541.56	-36.138	-36.368	-36.569	-36.086	-36.357	-36.614
1541.57	-36.142	-36.324	-36.574	-36.107	-36.329	-36.608
1541.58	-36.154	-36.282	-36.572	-36.134	-36.303	-36.597
1541.59	-36.166	-36.23	-36.564	-36.166	-36.261	-36.575
1541.6	-36.189	-36.189	-36.548	-36.204	-36.22	-36.544
1541.61	-36.224	-36.15	-36.531	-36.248	-36.185	-36.512
1541.62	-36.255	-36.118	-36.512	-36.296	-36.14	-36.483
1541.63	-36.289	-36.093	-36.492	-36.339	-36.105	-36.45
1541.64	-36.338	-36.084	-36.464	-36.392	-36.072	-36.418
1541.65	-36.37	-36.088	-36.434	-36.432	-36.037	-36.38
1541.66	-36.392	-36.1	-36.403	-36.459	-36.021	-36.354
1541.67	-36.421	-36.115	-36.368	-36.482	-36.015	-36.336
1541.68	-36.441	-36.139	-36.322	-36.497	-36.017	-36.307
1541.69	-36.458	-36.174	-36.281	-36.51	-36.034	-36.285
1541.7	-36.463	-36.207	-36.23	-36.511	-36.054	-36.264
1541.71	-36.465	-36.238	-36.18	-36.511	-36.088	-36.233
1541.72	-36.454	-36.278	-36.143	-36.503	-36.133	-36.2
1541.73	-36.435	-36.318	-36.097	-36.485	-36.183	-36.163
1541.74	-36.404	-36.342	-36.059	-36.469	-36.231	-36.115
1541.75	-36.376	-36.37	-36.044	-36.454	-36.278	-36.071
1541.76	-36.347	-36.386	-36.028	-36.432	-36.323	-36.037
1541.77	-36.306	-36.4	-36.026	-36.394	-36.357	-36
1541.78	-36.26	-36.415	-36.032	-36.366	-36.388	-35.975
1541.79	-36.223	-36.419	-36.05	-36.335	-36.419	-35.957
1541.8	-36.179	-36.416	-36.084	-36.282	-36.437	-35.951
1541.81	-36.142	-36.401	-36.105	-36.247	-36.451	-35.96
1541.82	-36.11	-36.377	-36.141	-36.196	-36.458	-35.976
1541.83	-36.08	-36.352	-36.188	-36.142	-36.457	-36.007
1541.84	-36.063	-36.312	-36.209	-36.106	-36.446	-36.04
1541.85	-36.054	-36.268	-36.24	-36.063	-36.427	-36.085
1541.86	-36.052	-36.235	-36.277	-36.019	-36.415	-36.124
1541.87	-36.057	-36.178	-36.298	-35.99	-36.397	-36.161
1541.88	-36.071	-36.134	-36.321	-35.97	-36.371	-36.209
1541.89	-36.094	-36.095	-36.335	-35.962	-36.347	-36.253
1541.9	-36.12	-36.071	-36.346	-35.964	-36.319	-36.286
1541.91	-36.15	-36.043	-36.354	-35.982	-36.275	-36.328
1541.92	-36.183	-36.034	-36.358	-36.011	-36.243	-36.358
1541.93	-36.205	-36.03	-36.351	-36.039	-36.201	-36.376
1541.94	-36.227	-36.034	-36.337	-36.073	-36.158	-36.386
1541.95	-36.239	-36.047	-36.317	-36.113	-36.125	-36.393
1541.96	-36.247	-36.058	-36.286	-36.156	-36.082	-36.399
1541.97	-36.243	-36.083	-36.252	-36.193	-36.042	-36.392
1541.98	-36.232	-36.103	-36.217	-36.226	-36.007	-36.385
1541.99	-36.218	-36.122	-36.174	-36.261	-35.979	-36.374
1542	-36.188	-36.152	-36.123	-36.286	-35.952	-36.347
1542.01	-36.167	-36.173	-36.079	-36.304	-35.939	-36.328
1542.02	-36.143	-36.186	-36.044	-36.316	-35.937	-36.306
1542.03	-36.114	-36.197	-36.016	-36.324	-35.942	-36.269
1542.04	-36.089	-36.197	-35.995	-36.32	-35.959	-36.235
1542.05	-36.07	-36.195	-35.983	-36.311	-35.973	-36.196
1542.06	-36.052	-36.185	-35.978	-36.292	-35.999	-36.143
1542.07	-36.042	-36.167	-35.978	-36.274	-36.036	-36.096
1542.08	-36.036	-36.155	-35.989	-36.238	-36.071	-36.047
1542.09	-36.028	-36.128	-36.016	-36.204	-36.111	-35.995
1542.1	-36.025	-36.095	-36.035	-36.163	-36.154	-35.951
1542.11	-36.024	-36.076	-36.058	-36.12	-36.181	-35.92
1542.12	-36.017	-36.048	-36.079	-36.07	-36.204	-35.899
1542.13	-36.015	-36.023	-36.097	-36.035	-36.226	-35.877
1542.14	-36.015	-36.006	-36.11	-35.995	-36.236	-35.864
1542.15	-36.007	-35.99	-36.117	-35.959	-36.246	-35.859
1542.16	-36.005	-35.978	-36.123	-35.934	-36.248	-35.868
1542.17	-36	-35.971	-36.119	-35.912	-36.239	-35.888
1542.18	-35.992	-35.968	-36.112	-35.904	-36.225	-35.909
1542.19	-35.983	-35.969	-36.099	-35.91	-36.205	-35.941
1542.2	-35.979	-35.968	-36.079	-35.918	-36.185	-35.975
1542.21	-35.966	-35.971	-36.058	-35.936	-36.156	-36.007
1542.22	-35.958	-35.974	-36.036	-35.953	-36.118	-36.047
1542.23	-35.946	-35.973	-36.012	-35.977	-36.079	-36.082
1542.24	-35.933	-35.972	-35.991	-36	-36.036	-36.111
1542.25	-35.922	-35.968	-35.966	-36.024	-35.99	-36.142
1542.26	-35.905	-35.957	-35.948	-36.05	-35.942	-36.167
1542.27	-35.887	-35.947	-35.929	-36.065	-35.909	-36.182
1542.28	-35.873	-35.935	-35.92	-36.067	-35.889	-36.191
1542.29	-35.857	-35.92	-35.912	-36.066	-35.863	-36.186
1542.3	-35.845	-35.903	-35.907	-36.057	-35.85	-36.177
1542.31	-35.836	-35.892	-35.9	-36.041	-35.842	-36.158
1542.32	-35.827	-35.88	-35.9	-36.031	-35.844	-36.13
1542.33	-35.826	-35.87	-35.901	-36.01	-35.855	-36.103
1542.34	-35.821	-35.861	-35.905	-35.985	-35.872	-36.074
1542.35	-35.816	-35.847	-35.909	-35.96	-35.904	-36.027
1542.36	-35.81	-35.84	-35.908	-35.936	-35.936	-35.986
1542.37	-35.807	-35.833	-35.906	-35.919	-35.955	-35.956
1542.38	-35.799	-35.824	-35.904	-35.906	-35.982	-35.917
1542.39	-35.789	-35.813	-35.898	-35.896	-36.004	-35.874
1542.4	-35.778	-35.808	-35.888	-35.883	-36.013	-35.849
1542.41	-35.769	-35.797	-35.879	-35.878	-36.023	-35.827
1542.42	-35.757	-35.789	-35.871	-35.87	-36.021	-35.808
1542.43	-35.745	-35.781	-35.852	-35.87	-36.014	-35.803
1542.44	-35.726	-35.773	-35.836	-35.864	-35.994	-35.801
1542.45	-35.71	-35.76	-35.823	-35.862	-35.97	-35.806
1542.46	-35.696	-35.753	-35.811	-35.86	-35.949	-35.817
1542.47	-35.68	-35.747	-35.798	-35.859	-35.922	-35.832
1542.48	-35.668	-35.74	-35.788	-35.858	-35.897	-35.859
1542.49	-35.656	-35.732	-35.778	-35.858	-35.871	-35.877
1542.5	-35.64	-35.726	-35.77	-35.854	-35.853	-35.902
1542.51	-35.62	-35.71	-35.761	-35.851	-35.84	-35.923
1542.52	-35.605	-35.696	-35.751	-35.842	-35.826	-35.939
1542.53	-35.578	-35.675	-35.739	-35.823	-35.815	-35.951
1542.54	-35.554	-35.655	-35.727	-35.811	-35.807	-35.951
1542.55	-35.539	-35.631	-35.718	-35.794	-35.796	-35.946
1542.56	-35.517	-35.617	-35.701	-35.774	-35.792	-35.925
1542.57	-35.498	-35.596	-35.687	-35.761	-35.789	-35.904
1542.58	-35.486	-35.577	-35.682	-35.746	-35.782	-35.884
1542.59	-35.471	-35.564	-35.672	-35.731	-35.779	-35.857
1542.6	-35.461	-35.547	-35.666	-35.721	-35.781	-35.83
1542.61	-35.456	-35.534	-35.661	-35.712	-35.779	-35.808
1542.62	-35.45	-35.525	-35.656	-35.708	-35.781	-35.789
1542.63	-35.445	-35.519	-35.65	-35.701	-35.78	-35.771
1542.64	-35.444	-35.509	-35.647	-35.702	-35.78	-35.762
1542.65	-35.436	-35.502	-35.636	-35.702	-35.78	-35.758
1542.66	-35.427	-35.49	-35.626	-35.698	-35.77	-35.756
1542.67	-35.422	-35.474	-35.614	-35.694	-35.763	-35.756
1542.68	-35.414	-35.463	-35.6	-35.687	-35.755	-35.757
1542.69	-35.402	-35.453	-35.582	-35.678	-35.744	-35.756
1542.7	-35.397	-35.438	-35.567	-35.673	-35.734	-35.76
1542.71	-35.388	-35.427	-35.55	-35.666	-35.72	-35.76
1542.72	-35.381	-35.415	-35.53	-35.656	-35.708	-35.76
1542.73	-35.375	-35.409	-35.519	-35.65	-35.695	-35.757
1542.74	-35.372	-35.4	-35.502	-35.639	-35.688	-35.759
1542.75	-35.368	-35.392	-35.488	-35.631	-35.678	-35.757
1542.76	-35.359	-35.381	-35.471	-35.621	-35.674	-35.752
1542.77	-35.355	-35.374	-35.461	-35.608	-35.666	-35.745
1542.78	-35.345	-35.367	-35.445	-35.592	-35.66	-35.739
1542.79	-35.34	-35.358	-35.436	-35.579	-35.655	-35.727
1542.8	-35.331	-35.347	-35.419	-35.563	-35.646	-35.715
1542.81	-35.325	-35.339	-35.401	-35.546	-35.638	-35.701
1542.82	-35.314	-35.33	-35.386	-35.531	-35.631	-35.694
1542.83	-35.304	-35.32	-35.374	-35.512	-35.619	-35.677
1542.84	-35.298	-35.312	-35.358	-35.489	-35.61	-35.665
1542.85	-35.292	-35.303	-35.348	-35.471	-35.599	-35.653
1542.86	-35.286	-35.296	-35.337	-35.456	-35.587	-35.636
1542.87	-35.285	-35.292	-35.331	-35.438	-35.574	-35.623
1542.88	-35.284	-35.29	-35.323	-35.425	-35.566	-35.617
1542.89	-35.284	-35.289	-35.316	-35.415	-35.552	-35.611
1542.9	-35.284	-35.287	-35.312	-35.401	-35.542	-35.605
1542.91	-35.281	-35.285	-35.311	-35.392	-35.538	-35.605
1542.92	-35.279	-35.279	-35.304	-35.383	-35.524	-35.599
1542.93	-35.275	-35.276	-35.301	-35.376	-35.513	-35.597
1542.94	-35.271	-35.273	-35.292	-35.361	-35.5	-35.596
1542.95	-35.265	-35.266	-35.286	-35.349	-35.483	-35.586
1542.96	-35.258	-35.26	-35.281	-35.34	-35.462	-35.575
1542.97	-35.253	-35.254	-35.271	-35.325	-35.444	-35.568
1542.98	-35.25	-35.251	-35.265	-35.313	-35.427	-35.555
1542.99	-35.247	-35.244	-35.259	-35.306	-35.407	-35.546
1543	-35.246	-35.245	-35.255	-35.294	-35.395	-35.54
1543.01	-35.244	-35.242	-35.252	-35.286	-35.384	-35.524
1543.02	-35.241	-35.238	-35.25	-35.283	-35.371	-35.51
1543.03	-35.239	-35.24	-35.244	-35.278	-35.358	-35.498
1543.04	-35.238	-35.236	-35.243	-35.273	-35.349	-35.487
1543.05	-35.236	-35.235	-35.241	-35.27	-35.337	-35.475
1543.06	-35.232	-35.233	-35.236	-35.264	-35.328	-35.462
1543.07	-35.226	-35.229	-35.23	-35.259	-35.315	-35.447
1543.08	-35.218	-35.222	-35.226	-35.252	-35.3	-35.431
1543.09	-35.215	-35.215	-35.221	-35.244	-35.291	-35.419
1543.1	-35.207	-35.209	-35.214	-35.239	-35.282	-35.402
1543.11	-35.199	-35.198	-35.21	-35.231	-35.271	-35.382
1543.12	-35.196	-35.198	-35.202	-35.226	-35.26	-35.364
1543.13	-35.193	-35.194	-35.197	-35.218	-35.253	-35.348
1543.14	-35.189	-35.189	-35.192	-35.212	-35.239	-35.33
1543.15	-35.187	-35.187	-35.19	-35.208	-35.229	-35.315
1543.16	-35.186	-35.185	-35.187	-35.202	-35.222	-35.3
1543.17	-35.185	-35.181	-35.188	-35.199	-35.216	-35.286
1543.18	-35.185	-35.182	-35.183	-35.198	-35.212	-35.278
1543.19	-35.178	-35.177	-35.178	-35.195	-35.207	-35.268
1543.2	-35.172	-35.171	-35.176	-35.187	-35.203	-35.258
1543.21	-35.169	-35.164	-35.168	-35.183	-35.196	-35.244
1543.22	-35.166	-35.159	-35.162	-35.178	-35.188	-35.237
1543.23	-35.161	-35.154	-35.158	-35.169	-35.179	-35.225
1543.24	-35.156	-35.149	-35.149	-35.167	-35.171	-35.214
1543.25	-35.148	-35.14	-35.142	-35.16	-35.159	-35.2
1543.26	-35.143	-35.133	-35.133	-35.148	-35.149	-35.184
1543.27	-35.14	-35.129	-35.127	-35.143	-35.144	-35.171
1543.28	-35.141	-35.121	-35.118	-35.138	-35.135	-35.16
1543.29	-35.144	-35.118	-35.115	-35.129	-35.127	-35.151
1543.3	-35.152	-35.116	-35.109	-35.127	-35.122	-35.142
1543.31	-35.165	-35.113	-35.108	-35.123	-35.119	-35.137
1543.32	-35.186	-35.113	-35.109	-35.119	-35.117	-35.135
1543.33	-35.215	-35.119	-35.111	-35.119	-35.118	-35.131
1543.34	-35.247	-35.119	-35.11	-35.119	-35.118	-35.128
1543.35	-35.273	-35.123	-35.107	-35.118	-35.114	-35.126
1543.36	-35.292	-35.123	-35.108	-35.116	-35.116	-35.123
1543.37	-35.299	-35.127	-35.103	-35.112	-35.113	-35.123
1543.38	-35.302	-35.131	-35.102	-35.108	-35.11	-35.117
1543.39	-35.291	-35.143	-35.095	-35.104	-35.104	-35.111
1543.4	-35.275	-35.159	-35.095	-35.1	-35.1	-35.108
1543.41	-35.263	-35.181	-35.096	-35.1	-35.1	-35.103
1543.42	-35.268	-35.204	-35.098	-35.101	-35.098	-35.102
1543.43	-35.305	-35.24	-35.101	-35.101	-35.101	-35.101
1543.44	-35.373	-35.267	-35.101	-35.105	-35.105	-35.104
1543.45	-35.474	-35.281	-35.102	-35.103	-35.106	-35.105
1543.46	-35.588	-35.287	-35.104	-35.105	-35.104	-35.107
1543.47	-35.712	-35.281	-35.104	-35.105	-35.102	-35.106
1543.48	-35.857	-35.268	-35.104	-35.102	-35.103	-35.105
1543.49	-35.948	-35.247	-35.105	-35.097	-35.097	-35.103
1543.5	-35.987	-35.239	-35.11	-35.095	-35.092	-35.097
1543.51	-35.967	-35.253	-35.12	-35.092	-35.09	-35.097
1543.52	-35.884	-35.307	-35.132	-35.087	-35.085	-35.09
1543.53	-35.771	-35.405	-35.15	-35.087	-35.082	-35.084
1543.54	-35.673	-35.494	-35.175	-35.079	-35.078	-35.086
1543.55	-35.587	-35.622	-35.202	-35.079	-35.072	-35.079
1543.56	-35.559	-35.797	-35.219	-35.077	-35.069	-35.074
1543.57	-35.619	-35.905	-35.245	-35.075	-35.066	-35.069
1543.58	-35.808	-35.97	-35.261	-35.076	-35.067	-35.067
1543.59	-36.052	-35.987	-35.267	-35.081	-35.067	-35.067
1543.6	-36.331	-35.944	-35.259	-35.085	-35.069	-35.068
1543.61	-36.772	-35.855	-35.244	-35.091	-35.071	-35.069
1543.62	-37.121	-35.71	-35.23	-35.098	-35.07	-35.069
1543.63	-37.324	-35.62	-35.238	-35.102	-35.067	-35.068
1543.64	-37.567	-35.566	-35.28	-35.115	-35.061	-35.064
1543.65	-37.659	-35.587	-35.347	-35.124	-35.06	-35.058
1543.66	-37.624	-35.713	-35.453	-35.142	-35.052	-35.052
1543.67	-37.449	-35.914	-35.581	-35.164	-35.047	-35.044
1543.68	-37.153	-36.201	-35.708	-35.185	-35.04	-35.037
1543.69	-36.85	-36.605	-35.861	-35.207	-35.037	-35.03
1543.7	-36.474	-36.975	-35.957	-35.229	-35.036	-35.028
1543.71	-36.205	-37.268	-35.975	-35.237	-35.042	-35.025
1543.72	-36.039	-37.534	-35.935	-35.236	-35.046	-35.028
1543.73	-36.008	-37.681	-35.841	-35.222	-35.05	-35.032
1543.74	-36.187	-37.677	-35.741	-35.21	-35.059	-35.035
1543.75	-36.504	-37.543	-35.637	-35.21	-35.067	-35.034
1543.76	-37.035	-37.318	-35.55	-35.227	-35.074	-35.034
1543.77	-37.751	-36.972	-35.543	-35.285	-35.088	-35.03
1543.78	-38.446	-36.555	-35.637	-35.366	-35.11	-35.024
1543.79	-39.112	-36.283	-35.837	-35.494	-35.128	-35.021
1543.8	-39.786	-36.056	-36.166	-35.65	-35.147	-35.018
1543.81	-40.324	-35.939	-36.415	-35.757	-35.166	-35.013
1543.82	-40.747	-36.035	-36.75	-35.865	-35.18	-35.01
1543.83	-41.007	-36.256	-37.112	-35.916	-35.191	-35.004
1543.84	-41.1	-36.738	-37.29	-35.906	-35.188	-34.999
1543.85	-41.052	-37.346	-37.448	-35.847	-35.173	-34.996
1543.86	-40.785	-37.953	-37.49	-35.715	-35.151	-34.999
1543.87	-40.369	-38.811	-37.385	-35.596	-35.141	-35.002
1543.88	-39.983	-39.445	-37.165	-35.507	-35.149	-35.009
1543.89	-39.355	-39.955	-36.832	-35.473	-35.174	-35.015
1543.9	-38.529	-40.449	-36.551	-35.526	-35.25	-35.03
1543.91	-37.941	-40.774	-36.256	-35.673	-35.356	-35.05
1543.92	-37.339	-40.912	-35.991	-35.898	-35.456	-35.067
1543.93	-36.748	-40.931	-35.871	-36.176	-35.62	-35.092
1543.94	-36.463	-40.747	-35.962	-36.583	-35.762	-35.113
1543.95	-36.416	-40.441	-36.286	-36.956	-35.823	-35.125
1543.96	-36.683	-40.042	-36.709	-37.233	-35.829	-35.127
1543.97	-37.203	-39.445	-37.313	-37.43	-35.783	-35.12
1543.98	-37.925	-38.78	-37.983	-37.504	-35.715	-35.111
1543.99	-38.987	-38.146	-38.643	-37.452	-35.606	-35.093
1544	-40.005	-37.531	-39.294	-37.318	-35.495	-35.088
1544.01	-40.922	-36.984	-39.901	-37.09	-35.432	-35.101
1544.02	-42.16	-36.569	-40.552	-36.655	-35.461	-35.17
1544.03	-43.181	-36.432	-40.913	-36.345	-35.608	-35.278
1544.04	-43.978	-36.595	-41.069	-36.075	-35.803	-35.362
1544.05	-44.839	-37.012	-41.07	-35.877	-36.068	-35.502
1544.06	-45.571	-37.752	-40.939	-35.883	-36.4	-35.656
1544.07	-46.173	-38.775	-40.695	-36.051	-36.762	-35.755
1544.08	-46.681	-39.622	-40.196	-36.479	-37.088	-35.818
1544.09	-47.117	-40.631	-39.706	-36.896	-37.353	-35.815
1544.1	-47.509	-42.02	-38.982	-37.604	-37.53	-35.738
1544.11	-47.86	-42.907	-38.037	-38.545	-37.527	-35.635
1544.12	-48.068	-43.792	-37.449	-39.146	-37.416	-35.533
1544.13	-48.2	-44.801	-36.993	-39.759	-37.174	-35.439
1544.14	-48.297	-45.412	-36.561	-40.363	-36.911	-35.405
1544.15	-48.412	-45.981	-36.398	-40.722	-36.596	-35.444
1544.16	-48.465	-46.59	-36.457	-40.956	-36.205	-35.603
1544.17	-48.465	-46.953	-36.835	-41.049	-35.98	-35.83
1544.18	-48.377	-47.35	-37.623	-40.948	-35.874	-36.187
1544.19	-48.307	-47.636	-38.545	-40.674	-36.015	-36.586
1544.2	-48.226	-47.841	-39.563	-40.327	-36.215	-36.852
1544.21	-48.104	-47.973	-40.634	-39.753	-36.656	-37.133
1544.22	-47.915	-48.087	-41.569	-39.142	-37.313	-37.383
1544.23	-47.788	-48.17	-42.497	-38.527	-37.846	-37.479
1544.24	-47.563	-48.223	-43.379	-37.828	-38.518	-37.46
1544.25	-47.385	-48.219	-44.171	-37.278	-39.327	-37.286
1544.26	-47.207	-48.179	-44.931	-36.81	-39.906	-37.072
1544.27	-46.97	-48.168	-45.75	-36.425	-40.427	-36.712
1544.28	-46.7	-48.028	-46.381	-36.407	-40.777	-36.31
1544.29	-46.464	-47.935	-46.794	-36.663	-40.899	-36.1
1544.3	-46.187	-47.8	-47.145	-37.332	-40.901	-35.914
1544.31	-45.927	-47.675	-47.46	-38.017	-40.772	-35.863
1544.32	-45.68	-47.518	-47.712	-38.758	-40.471	-36.005
1544.33	-45.412	-47.346	-47.957	-39.944	-40.043	-36.324
1544.34	-45.163	-47.197	-48.141	-40.932	-39.537	-36.855
1544.35	-44.836	-46.927	-48.221	-42	-38.662	-37.575
1544.36	-44.56	-46.733	-48.34	-43.255	-37.993	-38.286
1544.37	-44.277	-46.535	-48.367	-44.051	-37.514	-38.888
1544.38	-43.988	-46.254	-48.349	-44.724	-36.892	-39.59
1544.39	-43.722	-46.04	-48.341	-45.464	-36.521	-40.146
1544.4	-43.41	-45.874	-48.273	-46.05	-36.361	-40.555
1544.41	-43.124	-45.605	-48.196	-46.503	-36.465	-40.858
1544.42	-42.904	-45.364	-48.064	-46.928	-36.846	-40.983
1544.43	-42.518	-45.119	-47.883	-47.382	-37.637	-40.92
1544.44	-42.191	-44.786	-47.756	-47.718	-38.729	-40.675
1544.45	-41.976	-44.512	-47.55	-47.897	-39.484	-40.351
1544.46	-41.611	-44.279	-47.372	-48.099	-40.448	-39.937
1544.47	-41.238	-43.99	-47.173	-48.199	-41.633	-39.258
1544.48	-40.987	-43.696	-46.914	-48.296	-42.607	-38.554
1544.49	-40.7	-43.42	-46.698	-48.351	-43.479	-37.951
1544.5	-40.356	-43.163	-46.401	-48.351	-44.502	-37.221
1544.51	-40.033	-42.783	-46.101	-48.288	-45.385	-36.657
1544.52	-39.694	-42.435	-45.789	-48.245	-45.978	-36.386
1544.53	-39.367	-42.173	-45.54	-48.143	-46.516	-36.36
1544.54	-39.057	-41.813	-45.299	-48.032	-46.933	-36.568
1544.55	-38.76	-41.464	-45.031	-47.905	-47.213	-36.999
1544.56	-38.422	-41.179	-44.741	-47.718	-47.545	-37.889
1544.57	-38.142	-40.84	-44.493	-47.624	-47.783	-38.841
1544.58	-37.889	-40.496	-44.151	-47.376	-48.002	-39.727
1544.59	-37.629	-40.199	-43.811	-47.141	-48.113	-40.797
1544.6	-37.307	-39.761	-43.486	-46.895	-48.167	-42.028
1544.61	-37.047	-39.36	-43.113	-46.581	-48.168	-42.992
1544.62	-36.819	-39.074	-42.823	-46.31	-48.177	-43.748
1544.63	-36.577	-38.714	-42.592	-46.139	-48.141	-44.633
1544.64	-36.403	-38.39	-42.297	-45.854	-48.071	-45.348
1544.65	-36.231	-38.163	-41.929	-45.578	-47.989	-45.88
1544.66	-36.059	-37.873	-41.663	-45.353	-47.865	-46.458
1544.67	-35.941	-37.572	-41.353	-45.09	-47.717	-46.901
1544.68	-35.815	-37.348	-40.972	-44.778	-47.581	-47.194
1544.69	-35.647	-37.032	-40.618	-44.411	-47.398	-47.572
1544.7	-35.549	-36.745	-40.319	-44.14	-47.204	-47.821
1544.71	-35.453	-36.577	-40.027	-43.857	-47.05	-47.977
1544.72	-35.351	-36.405	-39.725	-43.558	-46.833	-48.136
1544.73	-35.295	-36.218	-39.449	-43.294	-46.604	-48.263
1544.74	-35.235	-36.062	-39.134	-43.019	-46.384	-48.328
1544.75	-35.164	-35.937	-38.785	-42.682	-46.135	-48.295
1544.76	-35.111	-35.794	-38.478	-42.388	-45.87	-48.257
1544.77	-35.072	-35.659	-38.201	-42.082	-45.669	-48.188
1544.78	-35.018	-35.545	-37.866	-41.682	-45.404	-48.108
1544.79	-34.977	-35.447	-37.613	-41.391	-45.123	-47.947
1544.8	-34.953	-35.37	-37.419	-41.114	-44.947	-47.852
1544.81	-34.926	-35.307	-37.155	-40.795	-44.68	-47.651
1544.82	-34.9	-35.255	-36.928	-40.538	-44.4	-47.493
1544.83	-34.881	-35.188	-36.715	-40.207	-44.138	-47.332
1544.84	-34.858	-35.135	-36.481	-39.868	-43.874	-47.098
1544.85	-34.837	-35.089	-36.309	-39.577	-43.614	-46.876
1544.86	-34.82	-35.033	-36.16	-39.268	-43.327	-46.65
1544.87	-34.798	-34.987	-35.951	-38.844	-43.042	-46.365
1544.88	-34.781	-34.945	-35.825	-38.58	-42.716	-46.068
1544.89	-34.77	-34.914	-35.715	-38.334	-42.388	-45.799
1544.9	-34.761	-34.889	-35.567	-38.02	-42.114	-45.557
1544.91	-34.755	-34.867	-35.472	-37.772	-41.814	-45.311
1544.92	-34.754	-34.842	-35.391	-37.516	-41.422	-44.991
1544.93	-34.751	-34.826	-35.302	-37.244	-41.183	-44.775
1544.94	-34.758	-34.817	-35.238	-37.005	-40.894	-44.527
1544.95	-34.761	-34.81	-35.194	-36.8	-40.542	-44.18
1544.96	-34.764	-34.801	-35.131	-36.573	-40.181	-43.885
1544.97	-34.769	-34.796	-35.08	-36.362	-39.817	-43.573
1544.98	-34.768	-34.788	-35.042	-36.224	-39.468	-43.266
1544.99	-34.767	-34.784	-35.003	-36.085	-39.147	-43.029
1545	-34.765	-34.777	-34.96	-35.91	-38.841	-42.762
1545.01	-34.76	-34.773	-34.928	-35.769	-38.497	-42.436
1545.02	-34.757	-34.764	-34.902	-35.658	-38.227	-42.162
1545.03	-34.759	-34.759	-34.875	-35.53	-37.952	-41.865
1545.04	-34.756	-34.761	-34.852	-35.439	-37.639	-41.512
1545.05	-34.755	-34.755	-34.833	-35.351	-37.318	-41.156
1545.06	-34.754	-34.755	-34.811	-35.267	-37.042	-40.796
1545.07	-34.751	-34.754	-34.797	-35.208	-36.799	-40.515
1545.08	-34.747	-34.748	-34.786	-35.148	-36.573	-40.242
1545.09	-34.743	-34.746	-34.772	-35.087	-36.405	-39.94
1545.1	-34.738	-34.742	-34.762	-35.039	-36.235	-39.64
1545.11	-34.736	-34.739	-34.752	-34.998	-36.056	-39.331
1545.12	-34.732	-34.736	-34.749	-34.957	-35.918	-39.023
1545.13	-34.731	-34.733	-34.743	-34.924	-35.798	-38.697
1545.14	-34.725	-34.733	-34.74	-34.895	-35.622	-38.324
1545.15	-34.723	-34.731	-34.736	-34.861	-35.506	-38.044
1545.16	-34.722	-34.727	-34.729	-34.838	-35.433	-37.823
1545.17	-34.715	-34.722	-34.727	-34.817	-35.338	-37.53
1545.18	-34.714	-34.72	-34.722	-34.798	-35.263	-37.289
1545.19	-34.714	-34.721	-34.722	-34.781	-35.213	-37.081
1545.2	-34.715	-34.722	-34.722	-34.768	-35.152	-36.807
1545.21	-34.715	-34.721	-34.724	-34.761	-35.095	-36.578
1545.22	-34.715	-34.72	-34.722	-34.756	-35.053	-36.424
1545.23	-34.716	-34.722	-34.723	-34.752	-35.002	-36.184
1545.24	-34.715	-34.719	-34.727	-34.746	-34.961	-36.017
1545.25	-34.711	-34.715	-34.722	-34.742	-34.938	-35.919
1545.26	-34.708	-34.714	-34.718	-34.737	-34.905	-35.759
1545.27	-34.704	-34.706	-34.718	-34.73	-34.877	-35.632
1545.28	-34.699	-34.7	-34.709	-34.724	-34.855	-35.529
1545.29	-34.693	-34.697	-34.705	-34.717	-34.823	-35.421
1545.3	-34.689	-34.692	-34.701	-34.714	-34.799	-35.327
1545.31	-34.689	-34.69	-34.697	-34.712	-34.78	-35.254
1545.32	-34.687	-34.687	-34.692	-34.706	-34.759	-35.17
1545.33	-34.685	-34.689	-34.692	-34.702	-34.746	-35.105
1545.34	-34.685	-34.688	-34.692	-34.704	-34.737	-35.059
1545.35	-34.688	-34.687	-34.689	-34.706	-34.729	-35.01
1545.36	-34.692	-34.692	-34.693	-34.708	-34.722	-34.965
1545.37	-34.692	-34.694	-34.694	-34.707	-34.72	-34.924
1545.38	-34.695	-34.696	-34.696	-34.71	-34.718	-34.895
1545.39	-34.696	-34.696	-34.697	-34.71	-34.719	-34.868
1545.4	-34.698	-34.696	-34.695	-34.713	-34.715	-34.843
1545.41	-34.69	-34.693	-34.692	-34.71	-34.715	-34.82
1545.42	-34.686	-34.69	-34.689	-34.705	-34.712	-34.798
1545.43	-34.681	-34.681	-34.682	-34.702	-34.707	-34.781
1545.44	-34.676	-34.675	-34.677	-34.694	-34.702	-34.763
1545.45	-34.67	-34.672	-34.676	-34.689	-34.698	-34.741
1545.46	-34.67	-34.67	-34.674	-34.689	-34.693	-34.724
1545.47	-34.668	-34.668	-34.669	-34.685	-34.688	-34.715
1545.48	-34.668	-34.667	-34.669	-34.679	-34.685	-34.71
1545.49	-34.667	-34.666	-34.666	-34.681	-34.683	-34.698
1545.5	-34.667	-34.668	-34.671	-34.679	-34.686	-34.693
1545.51	-34.672	-34.674	-34.671	-34.682	-34.688	-34.692
1545.52	-34.67	-34.675	-34.672	-34.681	-34.688	-34.692
1545.53	-34.67	-34.673	-34.676	-34.684	-34.693	-34.691
1545.54	-34.671	-34.672	-34.676	-34.683	-34.693	-34.693
1545.55	-34.667	-34.67	-34.672	-34.683	-34.691	-34.691
1545.56	-34.663	-34.665	-34.668	-34.681	-34.686	-34.688
1545.57	-34.66	-34.66	-34.662	-34.672	-34.683	-34.685
1545.58	-34.658	-34.659	-34.661	-34.668	-34.677	-34.678
1545.59	-34.655	-34.655	-34.658	-34.664	-34.672	-34.674
1545.6	-34.653	-34.651	-34.654	-34.661	-34.667	-34.667
1545.61	-34.651	-34.653	-34.652	-34.66	-34.664	-34.668
1545.62	-34.649	-34.651	-34.652	-34.659	-34.661	-34.663
1545.63	-34.653	-34.652	-34.653	-34.658	-34.659	-34.663
1545.64	-34.653	-34.653	-34.651	-34.659	-34.663	-34.665
1545.65	-34.654	-34.656	-34.657	-34.66	-34.662	-34.664
1545.66	-34.659	-34.657	-34.658	-34.663	-34.663	-34.667
1545.67	-34.66	-34.658	-34.657	-34.661	-34.663	-34.668
1545.68	-34.655	-34.657	-34.657	-34.665	-34.666	-34.668
1545.69	-34.652	-34.653	-34.657	-34.661	-34.663	-34.668
1545.7	-34.65	-34.653	-34.653	-34.66	-34.662	-34.667
1545.71	-34.647	-34.651	-34.652	-34.66	-34.658	-34.662
1545.72	-34.647	-34.65	-34.648	-34.655	-34.656	-34.657
1545.73	-34.644	-34.647	-34.644	-34.656	-34.654	-34.658
1545.74	-34.646	-34.648	-34.645	-34.653	-34.65	-34.653
1545.75	-34.649	-34.65	-34.647	-34.652	-34.65	-34.653
1545.76	-34.654	-34.652	-34.65	-34.656	-34.654	-34.651
1545.77	-34.66	-34.66	-34.654	-34.661	-34.658	-34.654
1545.78	-34.664	-34.661	-34.66	-34.665	-34.661	-34.656
1545.79	-34.663	-34.661	-34.661	-34.666	-34.667	-34.661
1545.8	-34.662	-34.663	-34.661	-34.665	-34.67	-34.666
1545.81	-34.659	-34.661	-34.658	-34.667	-34.67	-34.667
1545.82	-34.656	-34.658	-34.659	-34.668	-34.671	-34.667
1545.83	-34.655	-34.654	-34.654	-34.667	-34.669	-34.667
1545.84	-34.651	-34.651	-34.65	-34.662	-34.667	-34.665
1545.85	-34.648	-34.648	-34.648	-34.66	-34.664	-34.664
1545.86	-34.645	-34.645	-34.645	-34.658	-34.66	-34.663
1545.87	-34.647	-34.645	-34.645	-34.657	-34.657	-34.655
1545.88	-34.646	-34.643	-34.644	-34.654	-34.658	-34.655
1545.89	-34.645	-34.649	-34.647	-34.653	-34.657	-34.654
1545.9	-34.647	-34.645	-34.645	-34.653	-34.655	-34.653
1545.91	-34.646	-34.646	-34.645	-34.654	-34.656	-34.654
1545.92	-34.649	-34.648	-34.645	-34.655	-34.656	-34.655
1545.93	-34.646	-34.648	-34.645	-34.653	-34.654	-34.654
1545.94	-34.643	-34.645	-34.643	-34.655	-34.656	-34.656
1545.95	-34.639	-34.642	-34.643	-34.651	-34.657	-34.656
1545.96	-34.632	-34.641	-34.637	-34.648	-34.653	-34.654
1545.97	-34.629	-34.635	-34.635	-34.643	-34.647	-34.651
1545.98	-34.625	-34.632	-34.632	-34.638	-34.644	-34.649
1545.99	-34.628	-34.63	-34.626	-34.638	-34.644	-34.645
1546	-34.623	-34.63	-34.628	-34.637	-34.642	-34.64
1546.01	-34.626	-34.63	-34.629	-34.637	-34.641	-34.642
1546.02	-34.629	-34.633	-34.628	-34.636	-34.641	-34.641
1546.03	-34.633	-34.638	-34.637	-34.636	-34.646	-34.641
1546.04	-34.638	-34.644	-34.643	-34.644	-34.648	-34.645
1546.05	-34.647	-34.644	-34.649	-34.65	-34.653	-34.649
1546.06	-34.647	-34.648	-34.65	-34.651	-34.653	-34.651
1546.07	-34.65	-34.652	-34.655	-34.658	-34.656	-34.655
1546.08	-34.649	-34.65	-34.658	-34.659	-34.661	-34.658
1546.09	-34.647	-34.648	-34.655	-34.656	-34.664	-34.66
1546.1	-34.644	-34.647	-34.654	-34.655	-34.66	-34.657
1546.11	-34.639	-34.645	-34.653	-34.649	-34.656	-34.654
1546.12	-34.637	-34.638	-34.644	-34.645	-34.65	-34.65
1546.13	-34.631	-34.633	-34.636	-34.644	-34.644	-34.646
1546.14	-34.628	-34.628	-34.636	-34.637	-34.64	-34.642
1546.15	-34.624	-34.624	-34.629	-34.633	-34.638	-34.637
1546.16	-34.623	-34.624	-34.626	-34.629	-34.632	-34.63
1546.17	-34.622	-34.621	-34.624	-34.629	-34.63	-34.628
1546.18	-34.619	-34.617	-34.622	-34.626	-34.625	-34.626
1546.19	-34.616	-34.617	-34.618	-34.624	-34.623	-34.621
1546.2	-34.615	-34.617	-34.615	-34.624	-34.622	-34.621
1546.21	-34.612	-34.611	-34.611	-34.621	-34.619	-34.618
1546.22	-34.609	-34.608	-34.607	-34.618	-34.619	-34.617
1546.23	-34.605	-34.603	-34.602	-34.615	-34.617	-34.614
1546.24	-34.599	-34.6	-34.601	-34.61	-34.616	-34.613
1546.25	-34.598	-34.599	-34.598	-34.608	-34.611	-34.611
1546.26	-34.598	-34.599	-34.596	-34.604	-34.609	-34.609
1546.27	-34.599	-34.596	-34.594	-34.604	-34.609	-34.607
1546.28	-34.595	-34.598	-34.594	-34.599	-34.606	-34.605
1546.29	-34.594	-34.596	-34.593	-34.598	-34.599	-34.598
1546.3	-34.596	-34.597	-34.594	-34.597	-34.601	-34.597
1546.31	-34.597	-34.601	-34.592	-34.594	-34.603	-34.595
1546.32	-34.599	-34.6	-34.595	-34.596	-34.606	-34.598
1546.33	-34.6	-34.601	-34.596	-34.597	-34.604	-34.6
1546.34	-34.595	-34.601	-34.597	-34.598	-34.609	-34.601
1546.35	-34.597	-34.599	-34.599	-34.6	-34.61	-34.603
1546.36	-34.594	-34.599	-34.594	-34.595	-34.608	-34.604
1546.37	-34.592	-34.595	-34.594	-34.596	-34.605	-34.603
1546.38	-34.59	-34.593	-34.593	-34.594	-34.605	-34.603
1546.39	-34.585	-34.589	-34.59	-34.589	-34.602	-34.6
1546.4	-34.582	-34.585	-34.587	-34.586	-34.598	-34.6
1546.41	-34.575	-34.583	-34.584	-34.585	-34.592	-34.594
1546.42	-34.578	-34.579	-34.583	-34.583	-34.591	-34.593
1546.43	-34.579	-34.581	-34.58	-34.579	-34.589	-34.593
1546.44	-34.579	-34.583	-34.584	-34.581	-34.588	-34.59
1546.45	-34.586	-34.586	-34.585	-34.587	-34.59	-34.591
1546.46	-34.589	-34.588	-34.591	-34.587	-34.591	-34.594
1546.47	-34.59	-34.593	-34.598	-34.594	-34.596	-34.598
1546.48	-34.59	-34.594	-34.597	-34.599	-34.6	-34.602
1546.49	-34.588	-34.593	-34.599	-34.602	-34.601	-34.608
1546.5	-34.589	-34.594	-34.596	-34.601	-34.603	-34.606
1546.51	-34.584	-34.588	-34.598	-34.601	-34.603	-34.609
1546.52	-34.582	-34.586	-34.592	-34.6	-34.603	-34.607
1546.53	-34.579	-34.582	-34.588	-34.598	-34.602	-34.607
1546.54	-34.577	-34.58	-34.586	-34.595	-34.599	-34.605
1546.55	-34.575	-34.58	-34.586	-34.594	-34.597	-34.603
1546.56	-34.576	-34.577	-34.583	-34.593	-34.597	-34.597
1546.57	-34.576	-34.579	-34.586	-34.592	-34.593	-34.594
1546.58	-34.583	-34.583	-34.585	-34.596	-34.595	-34.597
1546.59	-34.583	-34.584	-34.589	-34.597	-34.596	-34.598
1546.6	-34.583	-34.587	-34.589	-34.601	-34.599	-34.599
1546.61	-34.585	-34.588	-34.59	-34.6	-34.601	-34.598
1546.62	-34.586	-34.589	-34.593	-34.601	-34.606	-34.602
1546.63	-34.586	-34.587	-34.59	-34.602	-34.605	-34.602
1546.64	-34.583	-34.585	-34.588	-34.601	-34.604	-34.601
1546.65	-34.576	-34.581	-34.583	-34.596	-34.604	-34.599
1546.66	-34.573	-34.576	-34.58	-34.592	-34.6	-34.597
1546.67	-34.571	-34.574	-34.579	-34.588	-34.595	-34.592
1546.68	-34.57	-34.571	-34.573	-34.583	-34.591	-34.591
1546.69	-34.568	-34.567	-34.57	-34.579	-34.589	-34.585
1546.7	-34.564	-34.567	-34.568	-34.576	-34.582	-34.58
1546.71	-34.564	-34.565	-34.568	-34.571	-34.581	-34.578
1546.72	-34.568	-34.565	-34.567	-34.571	-34.581	-34.574
1546.73	-34.571	-34.571	-34.569	-34.572	-34.58	-34.574
1546.74	-34.577	-34.577	-34.576	-34.58	-34.587	-34.581
1546.75	-34.581	-34.582	-34.582	-34.585	-34.591	-34.588
1546.76	-34.584	-34.586	-34.585	-34.588	-34.594	-34.592
1546.77	-34.587	-34.585	-34.588	-34.59	-34.598	-34.593
1546.78	-34.585	-34.588	-34.589	-34.59	-34.598	-34.597
1546.79	-34.584	-34.585	-34.586	-34.591	-34.597	-34.597
1546.8	-34.58	-34.583	-34.584	-34.591	-34.594	-34.594
1546.81	-34.581	-34.583	-34.582	-34.586	-34.595	-34.594
1546.82	-34.576	-34.582	-34.582	-34.582	-34.589	-34.592
1546.83	-34.577	-34.579	-34.579	-34.582	-34.589	-34.59
1546.84	-34.579	-34.58	-34.579	-34.58	-34.587	-34.588
1546.85	-34.575	-34.58	-34.58	-34.58	-34.586	-34.585
1546.86	-34.577	-34.581	-34.581	-34.58	-34.585	-34.584
1546.87	-34.575	-34.579	-34.578	-34.582	-34.584	-34.587
1546.88	-34.568	-34.574	-34.576	-34.578	-34.581	-34.585
1546.89	-34.564	-34.567	-34.57	-34.577	-34.578	-34.58
1546.9	-34.553	-34.56	-34.562	-34.567	-34.574	-34.576
1546.91	-34.548	-34.552	-34.555	-34.559	-34.568	-34.567
1546.92	-34.536	-34.545	-34.545	-34.557	-34.558	-34.568
1546.93	-34.533	-34.538	-34.537	-34.551	-34.554	-34.561
1546.94	-34.527	-34.533	-34.533	-34.544	-34.551	-34.554
1546.95	-34.522	-34.524	-34.531	-34.538	-34.542	-34.546
1546.96	-34.517	-34.52	-34.524	-34.533	-34.538	-34.543
1546.97	-34.517	-34.52	-34.523	-34.529	-34.534	-34.538
1546.98	-34.522	-34.521	-34.526	-34.53	-34.531	-34.532
1546.99	-34.524	-34.528	-34.529	-34.53	-34.53	-34.532
1547	-34.528	-34.529	-34.53	-34.531	-34.533	-34.536
1547.01	-34.531	-34.534	-34.535	-34.538	-34.539	-34.535
1547.02	-34.53	-34.535	-34.536	-34.543	-34.54	-34.539
1547.03	-34.531	-34.537	-34.537	-34.542	-34.543	-34.543
1547.04	-34.528	-34.533	-34.535	-34.542	-34.544	-34.545
1547.05	-34.53	-34.532	-34.535	-34.541	-34.546	-34.546
1547.06	-34.53	-34.528	-34.533	-34.543	-34.547	-34.548
1547.07	-34.526	-34.53	-34.53	-34.541	-34.544	-34.545
1547.08	-34.526	-34.527	-34.532	-34.539	-34.542	-34.544
1547.09	-34.525	-34.528	-34.53	-34.54	-34.542	-34.546
1547.1	-34.527	-34.53	-34.529	-34.539	-34.539	-34.543
1547.11	-34.528	-34.531	-34.528	-34.539	-34.538	-34.541
1547.12	-34.532	-34.532	-34.534	-34.542	-34.541	-34.541
1547.13	-34.537	-34.538	-34.536	-34.541	-34.544	-34.543
1547.14	-34.545	-34.541	-34.541	-34.551	-34.548	-34.55
1547.15	-34.55	-34.548	-34.548	-34.558	-34.556	-34.555
1547.16	-34.553	-34.551	-34.554	-34.558	-34.562	-34.562
1547.17	-34.553	-34.556	-34.557	-34.562	-34.567	-34.563
1547.18	-34.553	-34.555	-34.555	-34.568	-34.566	-34.565
1547.19	-34.552	-34.552	-34.554	-34.566	-34.564	-34.569
1547.2	-34.55	-34.552	-34.554	-34.562	-34.565	-34.566
1547.21	-34.545	-34.547	-34.55	-34.561	-34.565	-34.567
1547.22	-34.544	-34.546	-34.549	-34.559	-34.562	-34.568
1547.23	-34.542	-34.543	-34.546	-34.558	-34.561	-34.562
1547.24	-34.54	-34.543	-34.543	-34.554	-34.557	-34.562
1547.25	-34.541	-34.54	-34.541	-34.551	-34.556	-34.559
1547.26	-34.539	-34.546	-34.543	-34.554	-34.558	-34.557
1547.27	-34.543	-34.547	-34.545	-34.556	-34.557	-34.558
1547.28	-34.546	-34.547	-34.548	-34.554	-34.558	-34.557
1547.29	-34.549	-34.554	-34.549	-34.558	-34.559	-34.558
1547.3	-34.549	-34.553	-34.551	-34.561	-34.56	-34.559
1547.31	-34.552	-34.553	-34.554	-34.563	-34.564	-34.562
1547.32	-34.549	-34.554	-34.555	-34.562	-34.562	-34.565
1547.33	-34.547	-34.555	-34.556	-34.561	-34.566	-34.565
1547.34	-34.55	-34.552	-34.555	-34.564	-34.562	-34.568
1547.35	-34.548	-34.55	-34.553	-34.564	-34.562	-34.565
1547.36	-34.545	-34.549	-34.549	-34.562	-34.56	-34.563
1547.37	-34.545	-34.549	-34.549	-34.557	-34.556	-34.559
1547.38	-34.545	-34.547	-34.548	-34.553	-34.555	-34.556
1547.39	-34.544	-34.549	-34.548	-34.555	-34.555	-34.551
1547.4	-34.545	-34.549	-34.548	-34.554	-34.55	-34.551
1547.41	-34.545	-34.549	-34.549	-34.551	-34.549	-34.549
1547.42	-34.544	-34.55	-34.549	-34.552	-34.55	-34.549
1547.43	-34.544	-34.549	-34.549	-34.553	-34.549	-34.548
1547.44	-34.543	-34.548	-34.546	-34.553	-34.55	-34.548
1547.45	-34.541	-34.546	-34.547	-34.554	-34.55	-34.551
1547.46	-34.544	-34.547	-34.547	-34.557	-34.55	-34.548
1547.47	-34.543	-34.547	-34.549	-34.554	-34.553	-34.551
1547.48	-34.543	-34.545	-34.546	-34.556	-34.55	-34.552
1547.49	-34.544	-34.542	-34.548	-34.554	-34.548	-34.55
1547.5	-34.54	-34.541	-34.543	-34.552	-34.548	-34.551
1547.51	-34.538	-34.541	-34.54	-34.549	-34.547	-34.549
1547.52	-34.537	-34.543	-34.541	-34.55	-34.547	-34.544
1547.53	-34.54	-34.542	-34.539	-34.551	-34.546	-34.545
1547.54	-34.542	-34.545	-34.541	-34.548	-34.546	-34.544
1547.55	-34.542	-34.544	-34.546	-34.552	-34.549	-34.545
1547.56	-34.54	-34.546	-34.545	-34.553	-34.551	-34.545
1547.57	-34.54	-34.545	-34.544	-34.554	-34.551	-34.549
1547.58	-34.537	-34.542	-34.542	-34.555	-34.552	-34.55
1547.59	-34.536	-34.538	-34.54	-34.552	-34.55	-34.549
1547.6	-34.53	-34.532	-34.536	-34.544	-34.544	-34.546
1547.61	-34.518	-34.526	-34.529	-34.542	-34.543	-34.544
1547.62	-34.512	-34.515	-34.523	-34.537	-34.538	-34.539
1547.63	-34.508	-34.51	-34.516	-34.53	-34.531	-34.533
1547.64	-34.5	-34.505	-34.509	-34.523	-34.525	-34.527
1547.65	-34.5	-34.503	-34.505	-34.517	-34.519	-34.525
1547.66	-34.499	-34.501	-34.502	-34.515	-34.517	-34.521
1547.67	-34.501	-34.503	-34.506	-34.514	-34.516	-34.516
1547.68	-34.505	-34.504	-34.506	-34.517	-34.516	-34.515
1547.69	-34.507	-34.505	-34.507	-34.517	-34.517	-34.516
1547.7	-34.51	-34.51	-34.507	-34.522	-34.52	-34.518
1547.71	-34.51	-34.508	-34.512	-34.521	-34.522	-34.518
1547.72	-34.51	-34.51	-34.51	-34.521	-34.521	-34.521
1547.73	-34.506	-34.507	-34.511	-34.52	-34.522	-34.522
1547.74	-34.504	-34.506	-34.508	-34.519	-34.522	-34.521
1547.75	-34.502	-34.503	-34.506	-34.516	-34.523	-34.521
1547.76	-34.498	-34.5	-34.503	-34.512	-34.518	-34.519
1547.77	-34.495	-34.495	-34.499	-34.51	-34.514	-34.516
1547.78	-34.495	-34.493	-34.495	-34.505	-34.512	-34.512
1547.79	-34.492	-34.497	-34.492	-34.502	-34.51	-34.51
1547.8	-34.496	-34.495	-34.496	-34.501	-34.504	-34.511
1547.81	-34.501	-34.498	-34.498	-34.505	-34.506	-34.511
1547.82	-34.504	-34.5	-34.503	-34.507	-34.51	-34.511
1547.83	-34.508	-34.508	-34.506	-34.512	-34.517	-34.516
1547.84	-34.51	-34.512	-34.51	-34.517	-34.519	-34.519
1547.85	-34.516	-34.515	-34.513	-34.525	-34.525	-34.524
1547.86	-34.518	-34.519	-34.518	-34.525	-34.529	-34.528
1547.87	-34.516	-34.519	-34.52	-34.529	-34.533	-34.533
1547.88	-34.518	-34.519	-34.519	-34.528	-34.534	-34.535
1547.89	-34.515	-34.516	-34.518	-34.528	-34.532	-34.532
1547.9	-34.512	-34.513	-34.517	-34.522	-34.528	-34.529
1547.91	-34.508	-34.511	-34.511	-34.522	-34.527	-34.529
1547.92	-34.507	-34.507	-34.511	-34.516	-34.523	-34.524
1547.93	-34.503	-34.505	-34.507	-34.516	-34.52	-34.521
1547.94	-34.503	-34.504	-34.506	-34.512	-34.519	-34.521
1547.95	-34.503	-34.504	-34.508	-34.511	-34.517	-34.517
1547.96	-34.506	-34.505	-34.508	-34.512	-34.517	-34.517
1547.97	-34.506	-34.505	-34.507	-34.514	-34.516	-34.516
1547.98	-34.507	-34.505	-34.506	-34.512	-34.515	-34.515
1547.99	-34.503	-34.505	-34.506	-34.513	-34.512	-34.515
1548	-34.501	-34.502	-34.505	-34.51	-34.512	-34.513
1548.01	-34.497	-34.496	-34.502	-34.509	-34.512	-34.515
1548.02	-34.493	-34.496	-34.498	-34.505	-34.506	-34.508
1548.03	-34.488	-34.489	-34.493	-34.5	-34.505	-34.506
1548.04	-34.483	-34.486	-34.489	-34.497	-34.499	-34.503
1548.05	-34.485	-34.485	-34.488	-34.493	-34.496	-34.496
1548.06	-34.486	-34.484	-34.488	-34.492	-34.492	-34.493
1548.07	-34.487	-34.486	-34.484	-34.493	-34.492	-34.491
1548.08	-34.494	-34.49	-34.492	-34.495	-34.493	-34.492
1548.09	-34.499	-34.496	-34.495	-34.498	-34.493	-34.495
1548.1	-34.501	-34.498	-34.498	-34.5	-34.495	-34.495
1548.11	-34.504	-34.502	-34.499	-34.503	-34.503	-34.499
1548.12	-34.504	-34.504	-34.5	-34.504	-34.503	-34.502
1548.13	-34.503	-34.501	-34.501	-34.509	-34.507	-34.505
1548.14	-34.502	-34.501	-34.5	-34.508	-34.508	-34.504
1548.15	-34.499	-34.5	-34.498	-34.507	-34.507	-34.506
1548.16	-34.497	-34.497	-34.496	-34.508	-34.505	-34.505
1548.17	-34.497	-34.496	-34.492	-34.5	-34.502	-34.504
1548.18	-34.493	-34.492	-34.496	-34.502	-34.503	-34.501
1548.19	-34.492	-34.489	-34.491	-34.5	-34.502	-34.498
1548.2	-34.488	-34.487	-34.49	-34.496	-34.497	-34.497
1548.21	-34.49	-34.487	-34.487	-34.496	-34.499	-34.493
1548.22	-34.49	-34.488	-34.488	-34.494	-34.498	-34.493
1548.23	-34.492	-34.49	-34.491	-34.496	-34.501	-34.495
1548.24	-34.49	-34.494	-34.492	-34.498	-34.501	-34.498
1548.25	-34.493	-34.492	-34.495	-34.498	-34.504	-34.501
1548.26	-34.492	-34.488	-34.493	-34.5	-34.504	-34.505
1548.27	-34.488	-34.49	-34.492	-34.5	-34.508	-34.506
1548.28	-34.483	-34.485	-34.491	-34.501	-34.504	-34.505
1548.29	-34.477	-34.481	-34.484	-34.492	-34.502	-34.503
1548.3	-34.472	-34.475	-34.479	-34.488	-34.496	-34.499
1548.31	-34.465	-34.467	-34.473	-34.482	-34.488	-34.493
1548.32	-34.462	-34.462	-34.47	-34.478	-34.484	-34.486
1548.33	-34.457	-34.458	-34.464	-34.472	-34.481	-34.483
1548.34	-34.455	-34.458	-34.463	-34.471	-34.477	-34.476
1548.35	-34.458	-34.456	-34.46	-34.467	-34.475	-34.476
1548.36	-34.459	-34.456	-34.461	-34.468	-34.472	-34.475
1548.37	-34.461	-34.459	-34.46	-34.469	-34.472	-34.476
1548.38	-34.463	-34.465	-34.464	-34.47	-34.475	-34.474
1548.39	-34.467	-34.465	-34.468	-34.474	-34.477	-34.477
1548.4	-34.47	-34.469	-34.468	-34.477	-34.478	-34.477
1548.41	-34.47	-34.472	-34.474	-34.477	-34.479	-34.482
1548.42	-34.472	-34.469	-34.472	-34.48	-34.481	-34.483
1548.43	-34.467	-34.466	-34.47	-34.478	-34.482	-34.482
1548.44	-34.463	-34.464	-34.468	-34.478	-34.48	-34.483
1548.45	-34.459	-34.459	-34.462	-34.472	-34.476	-34.48
1548.46	-34.455	-34.455	-34.458	-34.468	-34.474	-34.474
1548.47	-34.452	-34.451	-34.453	-34.464	-34.466	-34.469
1548.48	-34.453	-34.453	-34.45	-34.463	-34.464	-34.466
1548.49	-34.45	-34.45	-34.45	-34.46	-34.46	-34.461
1548.5	-34.453	-34.448	-34.451	-34.459	-34.459	-34.458
1548.51	-34.449	-34.447	-34.45	-34.454	-34.456	-34.456
1548.52	-34.45	-34.448	-34.448	-34.455	-34.457	-34.454
1548.53	-34.449	-34.448	-34.447	-34.457	-34.458	-34.456
1548.54	-34.449	-34.449	-34.455	-34.459	-34.458	-34.456
1548.55	-34.452	-34.451	-34.454	-34.459	-34.464	-34.462
1548.56	-34.455	-34.454	-34.455	-34.464	-34.468	-34.464
1548.57	-34.453	-34.454	-34.456	-34.466	-34.47	-34.467
1548.58	-34.456	-34.455	-34.46	-34.465	-34.466	-34.466
1548.59	-34.458	-34.456	-34.456	-34.464	-34.468	-34.466
1548.6	-34.457	-34.456	-34.459	-34.465	-34.467	-34.468
1548.61	-34.457	-34.456	-34.459	-34.464	-34.466	-34.465
1548.62	-34.459	-34.457	-34.458	-34.463	-34.463	-34.467
1548.63	-34.459	-34.459	-34.46	-34.463	-34.463	-34.463
1548.64	-34.462	-34.463	-34.459	-34.465	-34.467	-34.465
1548.65	-34.465	-34.466	-34.461	-34.468	-34.468	-34.467
1548.66	-34.465	-34.466	-34.465	-34.468	-34.468	-34.469
1548.67	-34.466	-34.468	-34.468	-34.471	-34.472	-34.471
1548.68	-34.466	-34.468	-34.467	-34.472	-34.475	-34.474
1548.69	-34.461	-34.466	-34.464	-34.471	-34.474	-34.474
1548.7	-34.46	-34.46	-34.461	-34.467	-34.471	-34.474
1548.71	-34.454	-34.455	-34.456	-34.462	-34.468	-34.468
1548.72	-34.45	-34.45	-34.448	-34.455	-34.46	-34.464
1548.73	-34.442	-34.444	-34.444	-34.451	-34.456	-34.459
1548.74	-34.439	-34.438	-34.439	-34.445	-34.45	-34.456
1548.75	-34.435	-34.437	-34.438	-34.442	-34.448	-34.451
1548.76	-34.44	-34.437	-34.437	-34.442	-34.445	-34.447
1548.77	-34.438	-34.439	-34.438	-34.443	-34.445	-34.447
1548.78	-34.446	-34.441	-34.441	-34.445	-34.448	-34.445
1548.79	-34.45	-34.45	-34.448	-34.453	-34.45	-34.446
1548.8	-34.456	-34.456	-34.455	-34.458	-34.454	-34.454
1548.81	-34.462	-34.458	-34.458	-34.465	-34.461	-34.458
1548.82	-34.462	-34.463	-34.463	-34.468	-34.466	-34.464
1548.83	-34.462	-34.464	-34.464	-34.469	-34.468	-34.471
1548.84	-34.46	-34.46	-34.465	-34.472	-34.469	-34.47
1548.85	-34.454	-34.46	-34.462	-34.469	-34.47	-34.471
1548.86	-34.455	-34.454	-34.459	-34.465	-34.469	-34.472
1548.87	-34.45	-34.451	-34.452	-34.464	-34.465	-34.466
1548.88	-34.448	-34.45	-34.452	-34.462	-34.462	-34.465
1548.89	-34.447	-34.447	-34.45	-34.461	-34.462	-34.464
1548.9	-34.448	-34.447	-34.448	-34.463	-34.46	-34.461
1548.91	-34.45	-34.449	-34.448	-34.46	-34.461	-34.46
1548.92	-34.452	-34.452	-34.454	-34.462	-34.463	-34.461
1548.93	-34.453	-34.456	-34.456	-34.466	-34.465	-34.467
1548.94	-34.455	-34.457	-34.458	-34.469	-34.468	-34.47
1548.95	-34.456	-34.457	-34.461	-34.471	-34.472	-34.471
1548.96	-34.456	-34.455	-34.459	-34.473	-34.474	-34.477
1548.97	-34.455	-34.455	-34.459	-34.474	-34.476	-34.477
1548.98	-34.452	-34.451	-34.459	-34.473	-34.473	-34.476
1548.99	-34.447	-34.446	-34.454	-34.468	-34.472	-34.476
1549	-34.442	-34.444	-34.448	-34.462	-34.467	-34.468
